time;real_x;predict_x;update_x;real_y;predict_y;update_y;real_phi;predict_phi;update_phi
23,62118;-1,98509;-2;-2;0;0;0;0;0;0
23,83081;-1,962547;-1,993525;-1,993525;0;0;0;0;0;0
24,05566;-1,910999;-1,798924;-1,798924;0;0;0;0;0;0
24,2795;-1,690723;-1,723645;-1,723645;0;0;0;0;0;0
24,50285;-1,542053;-1,384947;-1,384947;0;0;0;0;0;0
24,72386;-1,443569;-1,359864;-1,359864;0;0;0;0;0;0
24,94158;-1,43623;-1,357936;-1,418847;0;0;1,962068E-08;0;0;6,297101E-07
25,1417;-1,435675;-1,357769;-1,419085;0;0;2,426804E-08;0;0;1,07782E-06
25,36598;-1,43562;-1,357755;-1,418164;0;0;-1,950532E-08;0;0;7,054558E-07
25,58193;-1,387567;-1,174456;-1,366673;0;0;3,121108E-07;0;0;-1,045609E-06
25,78391;-1,036372;-0,7705106;-1,01661;0;0;2,166408E-07;0;0;-7,804016E-07
26,0065;-0,9049228;-0,7378089;-0,8844683;0;0;3,990894E-07;0;0;-1,426963E-06
26,22389;-0,8952103;-0,7352878;-0,8732706;0;0;5,633153E-07;0;0;-4,184937E-06
26,44659;-0,8944424;-0,7350982;-0,8725575;0;0;1,276564E-07;0;0;-9,361739E-07
26,66223;-0,8943858;-0,7350833;-0,8725299;0;0;-2,538285E-07;0;0;2,316594E-06
26,86328;-0,8141117;-0,5072343;-0,7400062;0,001334008;0;0,02896366;2,703789;7,673037;3,937375
27,0865;-0,418957;-0,2030598;-0,433808;0,06104473;0,04098026;0,05003884;14,74502;7,673037;3,937375
27,31236;-0,3315102;-0,1814312;-0,4120355;0,08405943;0,0438942;0,05153741;14,74502;7,673037;3,937375
27,51378;-0,3255142;-0,1796393;-0,4102317;0,08563749;0,04413562;0,05166156;14,74502;7,673037;3,937375
27,72221;-0,3249513;-0,1794751;-0,7284371;0,08578563;0,04415774;-0,5787728;14,74502;7,673037;5,548692
27,95074;-0,324898;-0,1794622;-0,7661669;0,08579964;0,04415947;-0,591962;14,74502;7,673037;5,647308
28,17334;-0,3248945;-0,1794613;-0,7741189;0,08580057;0,04415959;-0,5910168;14,74502;7,673037;5,659146
28,37665;-0,3248942;-0,1794612;-0,7764759;0,08580064;0,04415961;-0,5898397;14,74502;7,673037;5,660765
28,58177;-0,3248942;-0,1794612;-0,7772917;0,08580064;0,04415961;-0,5892825;14,74502;7,673037;5,660997
28,7849;-0,3440113;-0,282808;-0,8249925;0,08076933;0,03023609;-0,5866908;14,74502;7,673037;5,556784
29,00565;-0,6706486;-0,614595;-1,162403;-0,00519673;-0,0144643;-0,6457496;14,74502;7,673037;5,611424
29,22651;-0,7718098;-0,64091;-0,7741172;-0,03182084;-0,01800962;-0,3824473;14,74502;7,673037;11,08581
29,43048;-0,7980375;-0,7461212;-0,7830514;-0,03872358;-0,03218431;-0,05845517;14,74502;7,673037;14,78225
29,65252;-0,947194;-0,7977492;-0,9344319;-0,07797932;-0,03913996;-0,07579207;14,74502;7,673037;14,80278
29,86508;-0,9624971;-0,8019262;-0,9563557;-0,08200683;-0,0397027;-0,08508033;14,74502;7,673037;14,87617
30,08871;-0,9637541;-0,8022442;-0,9583895;-0,08233766;-0,03974554;-0,085563;14,74502;7,673037;14,88903
30,31097;-0,9638459;-0,8022676;-0,9585783;-0,08236181;-0,03974869;-0,08558074;14,74502;7,673037;14,89121
30,53623;-0,9638527;-0,8022692;-0,9585985;-0,08236361;-0,03974891;-0,0855848;14,74502;7,673037;14,89159
30,74006;-0,7423034;-0,3982655;-0,4635022;-0,01112114;0,01468096;0,3052907;22,33057;21,40117;27,89577
30,96391;-0,534517;-0,3417036;-0,4974293;0,08624958;0,03684867;0,09028444;26,97944;21,40117;27,12314
31,18695;-0,517709;-0,3373662;-0,4860926;0,09480612;0,03854857;0,09737977;26,97944;21,40117;26,91621
31,40094;-0,5164508;-0,3370215;-0,484696;0,09544668;0,03868365;0,09738772;26,97944;21,40117;26,88108
31,61874;-0,5163488;-0,336994;-0,4844897;0,09549858;0,03869445;0,09733672;26,97944;21,40117;26,875
31,82138;-0,5163408;-0,3369915;-0,4844327;0,0955027;0,03869542;0,0973219;26,97944;21,40117;26,87394
32,03358;-0,5085629;-0,2786264;-0,4705198;0,09946217;0,06156983;0,1021679;26,68555;19,29011;26,26808
32,25665;-0,2084209;0,1424558;-0,1662504;0,2206904;0,2089492;0,2341352;15,77045;4,266291;14,98469
32,45692;-0,08646839;0,1800997;-0,08002827;0,2551316;0,2117573;0,2553712;15,77045;4,266291;15,68983
32,66418;-0,07441059;0,1836254;-0,07275438;0,2585369;0,2120204;0,2557248;15,77045;4,266291;15,80842
32,87886;0,0003215037;0,4205183;0,108227;0,2783446;0,2296923;0,338525;13,17799;-3,733477;11,56974
33,08503;0,2947204;0,5625955;0,2920077;0,3261925;0,2204212;0,3158621;6,220093;-3,733477;7,193818
33,30825;0,3400581;0,5738136;0,368013;0,3311338;0,2196892;0,3298001;6,220093;-3,733477;6,325736
33,52844;0,3433771;0,5746544;0,3764058;0,3314956;0,2196343;0,3314637;6,220093;-3,733477;6,17462
33,74091;0,34363;0,5747229;0,3774577;0,3315231;0,2196298;0,3317274;6,220093;-3,733477;6,148328
33,96465;0,3436512;0,5747281;0,3776183;0,3315254;0,2196295;0,3317704;6,220093;-3,733477;6,143747
34,17596;0,3436528;0,5747285;0,3776585;0,3315256;0,2196295;0,3317747;6,220093;-3,733477;6,142938
34,39006;0,3436529;0,5747286;0,3776811;0,3315256;0,2196295;0,3317736;6,220093;-3,733477;6,142776
34,60817;0,3436529;0,5747286;0,3776997;0,3315256;0,2196295;0,3317709;6,220093;-3,733477;6,142733
34,82018;0,3436529;0,5747286;0,3777175;0,3315256;0,2196295;0,3317689;6,220093;-3,733477;6,142706
35,0349;0,3436529;0,5747286;0,3777336;0,3315256;0,2196295;0,3317662;6,220093;-3,733477;6,142685
35,25909;0,3436529;0,5747286;0,3777489;0,3315256;0,2196295;0,3317642;6,220093;-3,733477;6,142663
35,48303;0,3436529;0,5747286;0,3777633;0,3315256;0,2196295;0,3317622;6,220093;-3,733477;6,142646
35,70465;0,3436529;0,5747286;0,3777768;0,3315256;0,2196295;0,3317603;6,220093;-3,733477;6,142629
35,92556;0,3436529;0,5747286;0,3777892;0,3315256;0,2196295;0,3317585;6,220093;-3,733477;6,142611
36,14978;0,3436529;0,5747286;0,3778018;0,3315256;0,2196295;0,3317561;6,220093;-3,733477;6,142599
36,36983;0,3436529;0,5747286;0,3778128;0,3315256;0,2196295;0,3317539;6,220093;-3,733477;6,142586
36,58581;0,3436529;0,5747286;0,3778241;0,3315256;0,2196295;0,3317525;6,220093;-3,733477;6,142572
36,80326;0,3436529;0,5747286;0,3778344;0,3315256;0,2196295;0,3317505;6,220093;-3,733477;6,142562
37,02779;0,3436529;0,5747286;0,3778446;0,3315256;0,2196295;0,3317496;6,220093;-3,733477;6,142543
37,22809;0,369584;0,6926008;0,4089949;0,3343518;0,2119378;0,3345596;6,220093;-3,733477;6,139273
37,45541;0,6068718;0,7955877;0,6026896;0,3602137;0,2052175;0,3702432;6,220093;-3,733477;6,066002
37,68181;0,636543;0,8027281;0,6564547;0,3634475;0,2047516;0,3658691;6,220093;-3,733477;6,174881
37,90337;0,6386303;0,8032491;0,6601884;0,363675;0,2047176;0,3662288;6,220093;-3,733477;6,188412
38,12204;0,6387864;0,803289;0,660473;0,363692;0,204715;0,3662718;6,220093;-3,733477;6,190102
38,34147;0,6387985;0,8032921;0,6605027;0,3636934;0,2047148;0,3662741;6,220093;-3,733477;6,190307
38,56373;0,6387994;0,8032923;0,6605133;0,3636935;0,2047148;0,3662736;6,220093;-3,733477;6,190327
38,77742;0,6387994;0,8032923;0,6605223;0,3636935;0,2047148;0,3662723;6,220093;-3,733477;6,190327
38,989;0,6387994;0,8032923;0,6605303;0,3636935;0,2047148;0,3662716;6,220093;-3,733477;6,190321
39,21036;0,6387994;0,8032923;0,660538;0,3636935;0,2047148;0,3662709;6,220093;-3,733477;6,190311
39,43158;0,6387994;0,8032923;0,6605456;0,3636935;0,2047148;0,3662702;6,220093;-3,733477;6,190304
39,65562;0,6387994;0,8032923;0,6605527;0,3636935;0,2047148;0,3662694;6,220093;-3,733477;6,190299
39,87169;0,6387994;0,8032923;0,6605595;0,3636935;0,2047148;0,3662685;6,220093;-3,733477;6,190295
40,08505;0,6387994;0,8032923;0,6605659;0,3636935;0,2047148;0,3662681;6,220093;-3,733477;6,190285
40,3159;0,6387994;0,8032923;0,6605719;0,3636935;0,2047148;0,3662669;6,220093;-3,733477;6,190283
40,54095;0,6387994;0,8032923;0,6605777;0,3636935;0,2047148;0,3662666;6,220093;-3,733477;6,190276
40,74849;0,6387994;0,8032923;0,6605836;0,3636935;0,2047148;0,3662662;6,220093;-3,733477;6,190265
40,96582;0,6387994;0,8032923;0,6605888;0,3636935;0,2047148;0,3662655;6,220093;-3,733477;6,190262
41,19024;0,6387994;0,8032923;0,6605939;0,3636935;0,2047148;0,3662649;6,220093;-3,733477;6,190256
41,41372;0,6387994;0,8032923;0,6605989;0,3636935;0,2047148;0,3662639;6,220093;-3,733477;6,190253
41,63853;0,6387994;0,8032923;0,6606037;0,3636935;0,2047148;0,3662633;6,220093;-3,733477;6,19025
41,85109;0,6387994;0,8032923;0,6606081;0,3636935;0,2047148;0,3662627;6,220093;-3,733477;6,190242
42,07201;0,6387994;0,8032923;0,660613;0,3636935;0,2047148;0,3662619;6,220093;-3,733477;6,190244
42,29381;0,6387994;0,8032923;0,6606173;0,3636935;0,2047148;0,3662611;6,220093;-3,733477;6,190239
42,51406;0,6387994;0,8032923;0,6606212;0,3636935;0,2047148;0,3662607;6,220093;-3,733477;6,190234
42,73165;0,6387994;0,8032923;0,6606248;0,3636935;0,2047148;0,3662599;6,220093;-3,733477;6,190232
42,94448;0,6387994;0,8032923;0,6606289;0,3636935;0,2047148;0,3662593;6,220093;-3,733477;6,190228
43,16671;0,6387994;0,8032923;0,6606323;0,3636935;0,2047148;0,3662589;6,220093;-3,733477;6,190223
43,39089;0,6387994;0,8032923;0,6606359;0,3636935;0,2047148;0,3662588;6,220093;-3,733477;6,190216
43,61377;0,6387994;0,8032923;0,6606396;0,3636935;0,2047148;0,3662578;6,220093;-3,733477;6,190216
43,82698;0,6387994;0,8032923;0,6606429;0,3636935;0,2047148;0,3662573;6,220093;-3,733477;6,190214
44,04804;0,6387994;0,8032923;0,6606461;0,3636935;0,2047148;0,3662568;6,220093;-3,733477;6,190209
44,27424;0,6387994;0,8032923;0,6606489;0,3636935;0,2047148;0,3662567;6,220093;-3,733477;6,190202
44,49778;0,6387994;0,8032923;0,6606517;0,3636935;0,2047148;0,3662559;6,220093;-3,733477;6,190202
44,71;0,6387994;0,8032923;0,6606547;0,3636935;0,2047148;0,3662553;6,220093;-3,733477;6,1902
44,92115;0,6387994;0,8032923;0,6606579;0,3636935;0,2047148;0,3662549;6,220093;-3,733477;6,190196
45,14819;0,6387994;0,8032923;0,6606604;0,3636935;0,2047148;0,3662549;6,220093;-3,733477;6,190188
45,3731;0,6387994;0,8032923;0,6606632;0,3636935;0,2047148;0,366254;6,220093;-3,733477;6,19019
45,59527;0,6387994;0,8032923;0,6606658;0,3636935;0,2047148;0,3662536;6,220093;-3,733477;6,190185
45,81947;0,6387994;0,8032923;0,6606682;0,3636935;0,2047148;0,3662533;6,220093;-3,733477;6,190181
46,03965;0,6387994;0,8032923;0,6606708;0,3636935;0,2047148;0,3662533;6,220093;-3,733477;6,190176
46,26334;0,6387994;0,8032923;0,6606728;0,3636935;0,2047148;0,3662525;6,220093;-3,733477;6,190177
46,48858;0,6387994;0,8032923;0,6606753;0,3636935;0,2047148;0,366252;6,220093;-3,733477;6,190176
46,70636;0,6387994;0,8032923;0,6606777;0,3636935;0,2047148;0,3662517;6,220093;-3,733477;6,190172
46,91848;0,6387994;0,8032923;0,6606797;0,3636935;0,2047148;0,3662514;6,220093;-3,733477;6,190168
47,14896;0,6387994;0,8032923;0,6606818;0,3636935;0,2047148;0,3662513;6,220093;-3,733477;6,190163
47,37882;0,6387994;0,8032923;0,6606839;0,3636935;0,2047148;0,3662502;6,220093;-3,733477;6,190168
47,57887;0,6387994;0,8032923;0,6606861;0,3636935;0,2047148;0,3662501;6,220093;-3,733477;6,190165
47,80663;0,6387994;0,8032923;0,6606879;0,3636935;0,2047148;0,3662494;6,220093;-3,733477;6,190165
48,0266;0,6387994;0,8032923;0,6606899;0,3636935;0,2047148;0,366249;6,220093;-3,733477;6,190163
48,245;0,6387994;0,8032923;0,6606918;0,3636935;0,2047148;0,366249;6,220093;-3,733477;6,190158
48,46624;0,6387994;0,8032923;0,6606933;0,3636935;0,2047148;0,3662488;6,220093;-3,733477;6,190153
48,6857;0,6387994;0,8032923;0,6606953;0,3636935;0,2047148;0,3662485;6,220093;-3,733477;6,190153
48,89837;0,6387994;0,8032923;0,6606973;0,3636935;0,2047148;0,3662479;6,220093;-3,733477;6,190154
49,11686;0,6387994;0,8032923;0,6606989;0,3636935;0,2047148;0,366248;6,220093;-3,733477;6,190147
49,33203;0,6387994;0,8032923;0,6607009;0,3636935;0,2047148;0,3662471;6,220093;-3,733477;6,190149
49,5529;0,6387994;0,8032923;0,660702;0,3636935;0,2047148;0,3662472;6,220093;-3,733477;6,190145
49,77115;0,6387994;0,8032923;0,6607038;0,3636935;0,2047148;0,366247;6,220093;-3,733477;6,190141
49,99771;0,6387994;0,8032923;0,660705;0,3636935;0,2047148;0,3662468;6,220093;-3,733477;6,190137
50,21035;0,6387994;0,8032923;0,6607071;0,3636935;0,2047148;0,3662458;6,220093;-3,733477;6,190141
50,42841;0,6387994;0,8032923;0,6607083;0,3636935;0,2047148;0,3662459;6,220093;-3,733477;6,190137
50,65397;0,6387994;0,8032923;0,6607099;0,3636935;0,2047148;0,3662456;6,220093;-3,733477;6,190136
50,86985;0,6387994;0,8032923;0,6607111;0,3636935;0,2047148;0,3662449;6,220093;-3,733477;6,190139
51,09733;0,6387994;0,8032923;0,6607128;0,3636935;0,2047148;0,3662448;6,220093;-3,733477;6,190135
51,31775;0,6387994;0,8032923;0,6607138;0,3636935;0,2047148;0,3662447;6,220093;-3,733477;6,190133
51,54216;0,6387994;0,8032923;0,6607151;0,3636935;0,2047148;0,3662445;6,220093;-3,733477;6,190131
51,76449;0,6387994;0,8032923;0,6607167;0,3636935;0,2047148;0,3662446;6,220093;-3,733477;6,190125
51,98766;0,6387994;0,8032923;0,6607176;0,3636935;0,2047148;0,366244;6,220093;-3,733477;6,190126
52,21247;0,6387994;0,8032923;0,6607188;0,3636935;0,2047148;0,3662439;6,220093;-3,733477;6,190122
52,43582;0,6387994;0,8032923;0,6607205;0,3636935;0,2047148;0,3662432;6,220093;-3,733477;6,190124
52,6526;0,6387994;0,8032923;0,6607215;0,3636935;0,2047148;0,3662428;6,220093;-3,733477;6,190125
52,86458;0,6387994;0,8032923;0,6607226;0,3636935;0,2047148;0,3662427;6,220093;-3,733477;6,190123
53,08267;0,6387994;0,8032923;0,660724;0,3636935;0,2047148;0,3662425;6,220093;-3,733477;6,190121
53,30625;0,6387994;0,8032923;0,6607252;0,3636935;0,2047148;0,3662422;6,220093;-3,733477;6,19012
53,53276;0,6387994;0,8032923;0,6607263;0,3636935;0,2047148;0,3662423;6,220093;-3,733477;6,190117
53,73797;0,6387994;0,8032923;0,6607273;0,3636935;0,2047148;0,3662419;6,220093;-3,733477;6,190116
53,96382;0,6387994;0,8032923;0,6607283;0,3636935;0,2047148;0,366242;6,220093;-3,733477;6,190114
54,16727;0,6387994;0,8032923;0,6607295;0,3636935;0,2047148;0,3662418;6,220093;-3,733477;6,19011
54,37104;0,6387994;0,8032923;0,6607304;0,3636935;0,2047148;0,3662413;6,220093;-3,733477;6,190111
54,5924;0,6387994;0,8032923;0,6607318;0,3636935;0,2047148;0,3662408;6,220093;-3,733477;6,190113
54,79897;0,6387994;0,8032923;0,6607323;0,3636935;0,2047148;0,3662414;6,220093;-3,733477;6,190106
55,01491;0,6387994;0,8032923;0,6607335;0,3636935;0,2047148;0,3662407;6,220093;-3,733477;6,190106
55,24551;0,6387994;0,8032923;0,6607342;0,3636935;0,2047148;0,3662405;6,220093;-3,733477;6,190106
55,45196;0,6387994;0,8032923;0,6607351;0,3636935;0,2047148;0,3662402;6,220093;-3,733477;6,190106
55,67593;0,6387994;0,8032923;0,6607366;0,3636935;0,2047148;0,3662399;6,220093;-3,733477;6,190106
55,89837;0,6387994;0,8032923;0,6607372;0,3636935;0,2047148;0,3662399;6,220093;-3,733477;6,190104
56,12027;0,6387994;0,8032923;0,6607382;0,3636935;0,2047148;0,3662397;6,220093;-3,733477;6,190102
56,33206;0,6387994;0,8032923;0,660739;0,3636935;0,2047148;0,3662399;6,220093;-3,733477;6,190096
56,55062;0,6387994;0,8032923;0,6607397;0,3636935;0,2047148;0,366239;6,220093;-3,733477;6,190101
56,76378;0,6387994;0,8032923;0,6607409;0,3636935;0,2047148;0,3662392;6,220093;-3,733477;6,190098
56,98341;0,6387994;0,8032923;0,6607413;0,3636935;0,2047148;0,3662387;6,220093;-3,733477;6,1901
57,18806;0,6387994;0,8032923;0,660742;0,3636935;0,2047148;0,3662388;6,220093;-3,733477;6,190096
57,39521;0,6387994;0,8032923;0,6607432;0,3636935;0,2047148;0,3662383;6,220093;-3,733477;6,190101
57,59731;0,6387994;0,8032923;0,6607438;0,3636935;0,2047148;0,3662385;6,220093;-3,733477;6,190094
57,82141;0,6387994;0,8032923;0,6607447;0,3636935;0,2047148;0,3662381;6,220093;-3,733477;6,190094
58,03973;0,6387994;0,8032923;0,6607457;0,3636935;0,2047148;0,3662381;6,220093;-3,733477;6,190092
58,25451;0,6387994;0,8032923;0,6607462;0,3636935;0,2047148;0,366238;6,220093;-3,733477;6,190091
58,45829;0,6387994;0,8032923;0,660747;0,3636935;0,2047148;0,3662378;6,220093;-3,733477;6,19009
58,67545;0,6387994;0,8032923;0,6607484;0,3636935;0,2047148;0,3662376;6,220093;-3,733477;6,19009
58,89286;0,6387994;0,8032923;0,6607487;0,3636935;0,2047148;0,3662373;6,220093;-3,733477;6,190088
59,11089;0,6387994;0,8032923;0,6607493;0,3636935;0,2047148;0,3662372;6,220093;-3,733477;6,190089
59,33497;0,6387994;0,8032923;0,6607501;0,3636935;0,2047148;0,3662376;6,220093;-3,733477;6,190082
59,55746;0,6387994;0,8032923;0,6607506;0,3636935;0,2047148;0,3662371;6,220093;-3,733477;6,190086
59,77713;0,6387994;0,8032923;0,6607513;0,3636935;0,2047148;0,366237;6,220093;-3,733477;6,190083
59,99911;0,6387994;0,8032923;0,6607524;0,3636935;0,2047148;0,3662363;6,220093;-3,733477;6,190087
60,21601;0,6387994;0,8032923;0,6607525;0,3636935;0,2047148;0,3662366;6,220093;-3,733477;6,190082
60,4392;0,6387994;0,8032923;0,6607534;0,3636935;0,2047148;0,3662362;6,220093;-3,733477;6,190084
60,65127;0,6387994;0,8032923;0,6607544;0,3636935;0,2047148;0,366236;6,220093;-3,733477;6,190085
60,86336;0,6387994;0,8032923;0,6607547;0,3636935;0,2047148;0,3662365;6,220093;-3,733477;6,190078
61,0728;0,6387994;0,8032923;0,660755;0,3636935;0,2047148;0,3662361;6,220093;-3,733477;6,19008
61,29766;0,6387994;0,8032923;0,6607562;0,3636935;0,2047148;0,3662358;6,220093;-3,733477;6,19008
61,52262;0,6387994;0,8032923;0,6607565;0,3636935;0,2047148;0,3662359;6,220093;-3,733477;6,190077
61,74761;0,6387994;0,8032923;0,6607574;0,3636935;0,2047148;0,3662352;6,220093;-3,733477;6,19008
61,96996;0,6387994;0,8032923;0,660758;0,3636935;0,2047148;0,3662352;6,220093;-3,733477;6,190078
62,19306;0,6387994;0,8032923;0,6607586;0,3636935;0,2047148;0,366235;6,220093;-3,733477;6,190078
62,4138;0,6387994;0,8032923;0,6607587;0,3636935;0,2047148;0,3662351;6,220093;-3,733477;6,190077
62,63328;0,6387994;0,8032923;0,6607593;0,3636935;0,2047148;0,3662351;6,220093;-3,733477;6,190074
62,84724;0,6387994;0,8032923;0,66076;0,3636935;0,2047148;0,366235;6,220093;-3,733477;6,190072
63,07271;0,6387994;0,8032923;0,6607606;0,3636935;0,2047148;0,3662349;6,220093;-3,733477;6,190071
63,29862;0,6387994;0,8032923;0,6607612;0,3636935;0,2047148;0,3662347;6,220093;-3,733477;6,19007
63,52313;0,6387994;0,8032923;0,660762;0,3636935;0,2047148;0,3662343;6,220093;-3,733477;6,190072
63,74824;0,6387994;0,8032923;0,6607622;0,3636935;0,2047148;0,3662345;6,220093;-3,733477;6,19007
63,97419;0,6387994;0,8032923;0,660763;0,3636935;0,2047148;0,366234;6,220093;-3,733477;6,190073
64,19635;0,6387994;0,8032923;0,6607632;0,3636935;0,2047148;0,3662344;6,220093;-3,733477;6,190065
64,42384;0,6387994;0,8032923;0,6607641;0,3636935;0,2047148;0,3662343;6,220093;-3,733477;6,190067
64,62741;0,6387994;0,8032923;0,6607645;0,3636935;0,2047148;0,3662337;6,220093;-3,733477;6,19007
64,83807;0,6387994;0,8032923;0,6607652;0,3636935;0,2047148;0,3662333;6,220093;-3,733477;6,190071
65,05437;0,6387994;0,8032923;0,6607652;0,3636935;0,2047148;0,366234;6,220093;-3,733477;6,190062
65,27785;0,6387994;0,8032923;0,6607657;0,3636935;0,2047148;0,3662334;6,220093;-3,733477;6,190067
65,4992;0,6387994;0,8032923;0,6607662;0,3636935;0,2047148;0,3662333;6,220093;-3,733477;6,190066
65,72395;0,6387994;0,8032923;0,6607667;0,3636935;0,2047148;0,3662331;6,220093;-3,733477;6,190068
65,94682;0,6387994;0,8032923;0,6607671;0,3636935;0,2047148;0,3662327;6,220093;-3,733477;6,19007
66,17041;0,6387994;0,8032923;0,6607677;0,3636935;0,2047148;0,366233;6,220093;-3,733477;6,190066
66,3932;0,6387994;0,8032923;0,660768;0,3636935;0,2047148;0,3662329;6,220093;-3,733477;6,190065
66,6122;0,6387994;0,8032923;0,6607687;0,3636935;0,2047148;0,3662329;6,220093;-3,733477;6,190064
66,82303;0,6387994;0,8032923;0,6607692;0,3636935;0,2047148;0,3662327;6,220093;-3,733477;6,190063
67,03868;0,6387994;0,8032923;0,6607697;0,3636935;0,2047148;0,3662325;6,220093;-3,733477;6,190063
67,26181;0,6387994;0,8032923;0,66077;0,3636935;0,2047148;0,3662328;6,220093;-3,733477;6,190061
67,48663;0,6387994;0,8032923;0,6607702;0,3636935;0,2047148;0,3662329;6,220093;-3,733477;6,190057
67,70901;0,6387994;0,8032923;0,6607708;0,3636935;0,2047148;0,3662329;6,220093;-3,733477;6,190054
67,93387;0,6387994;0,8032923;0,6607714;0,3636935;0,2047148;0,3662322;6,220093;-3,733477;6,190058
68,14371;0,6387994;0,8032923;0,6607717;0,3636935;0,2047148;0,3662324;6,220093;-3,733477;6,190057
68,3688;0,6387994;0,8032923;0,6607724;0,3636935;0,2047148;0,3662323;6,220093;-3,733477;6,190056
68,59384;0,6387994;0,8032923;0,6607722;0,3636935;0,2047148;0,3662317;6,220093;-3,733477;6,190059
68,80441;0,6387994;0,8032923;0,660773;0,3636935;0,2047148;0,3662321;6,220093;-3,733477;6,190054
69,01973;0,6387994;0,8032923;0,6607733;0,3636935;0,2047148;0,3662315;6,220093;-3,733477;6,190059
69,24396;0,6387994;0,8032923;0,6607739;0,3636935;0,2047148;0,3662318;6,220093;-3,733477;6,190055
69,46891;0,6387994;0,8032923;0,6607742;0,3636935;0,2047148;0,3662311;6,220093;-3,733477;6,190061
69,69337;0,6387994;0,8032923;0,6607746;0,3636935;0,2047148;0,3662318;6,220093;-3,733477;6,190054
69,91711;0,6387994;0,8032923;0,660775;0,3636935;0,2047148;0,3662314;6,220093;-3,733477;6,190055
70,14006;0,6387994;0,8032923;0,6607752;0,3636935;0,2047148;0,3662309;6,220093;-3,733477;6,190057
70,35949;0,6387994;0,8032923;0,6607754;0,3636935;0,2047148;0,3662305;6,220093;-3,733477;6,19006
70,57136;0,6387994;0,8032923;0,6607759;0,3636935;0,2047148;0,3662314;6,220093;-3,733477;6,19005
70,78439;0,6387994;0,8032923;0,6607766;0,3636935;0,2047148;0,3662309;6,220093;-3,733477;6,190053
70,99862;0,6387994;0,8032923;0,6607768;0,3636935;0,2047148;0,3662308;6,220093;-3,733477;6,190053
71,22417;0,6387994;0,8032923;0,6607771;0,3636935;0,2047148;0,3662306;6,220093;-3,733477;6,190053
71,4483;0,6387994;0,8032923;0,6607776;0,3636935;0,2047148;0,3662305;6,220093;-3,733477;6,190053
71,65646;0,6387994;0,8032923;0,6607778;0,3636935;0,2047148;0,3662304;6,220093;-3,733477;6,190055
71,88245;0,6387994;0,8032923;0,6607783;0,3636935;0,2047148;0,3662301;6,220093;-3,733477;6,190056
72,10452;0,6387994;0,8032923;0,6607783;0,3636935;0,2047148;0,3662303;6,220093;-3,733477;6,190053
72,3282;0,6387994;0,8032923;0,6607788;0,3636935;0,2047148;0,3662303;6,220093;-3,733477;6,190049
72,55393;0,6387994;0,8032923;0,6607791;0,3636935;0,2047148;0,3662304;6,220093;-3,733477;6,190047
72,7638;0,6387994;0,8032923;0,6607794;0,3636935;0,2047148;0,3662306;6,220093;-3,733477;6,190047
72,97523;0,6387994;0,8032923;0,6607801;0,3636935;0,2047148;0,3662305;6,220093;-3,733477;6,190045
73,19956;0,6387994;0,8032923;0,6607802;0,3636935;0,2047148;0,3662305;6,220093;-3,733477;6,190045
73,42055;0,6387994;0,8032923;0,6607807;0,3636935;0,2047148;0,3662303;6,220093;-3,733477;6,190044
73,64457;0,6387994;0,8032923;0,6607811;0,3636935;0,2047148;0,3662303;6,220093;-3,733477;6,190044
73,86658;0,6387994;0,8032923;0,660781;0,3636935;0,2047148;0,3662302;6,220093;-3,733477;6,190042
74,0894;0,6387994;0,8032923;0,6607811;0,3636935;0,2047148;0,3662295;6,220093;-3,733477;6,190047
74,30443;0,6387994;0,8032923;0,6607818;0,3636935;0,2047148;0,3662299;6,220093;-3,733477;6,190044
74,52776;0,6387994;0,8032923;0,6607824;0,3636935;0,2047148;0,3662301;6,220093;-3,733477;6,190041
74,74036;0,6387994;0,8032923;0,6607823;0,3636935;0,2047148;0,3662293;6,220093;-3,733477;6,190048
74,95023;0,6387994;0,8032923;0,6607824;0,3636935;0,2047148;0,36623;6,220093;-3,733477;6,190042
75,16089;0,6387994;0,8032923;0,6607829;0,3636935;0,2047148;0,366229;6,220093;-3,733477;6,190047
75,38936;0,6387994;0,8032923;0,6607832;0,3636935;0,2047148;0,3662297;6,220093;-3,733477;6,190042
75,61116;0,6387994;0,8032923;0,6607836;0,3636935;0,2047148;0,3662291;6,220093;-3,733477;6,190045
75,83454;0,6387994;0,8032923;0,660784;0,3636935;0,2047148;0,3662296;6,220093;-3,733477;6,19004
76,05978;0,6387994;0,8032923;0,6607841;0,3636935;0,2047148;0,366229;6,220093;-3,733477;6,190042
76,27905;0,6387994;0,8032923;0,6607848;0,3636935;0,2047148;0,3662288;6,220093;-3,733477;6,190044
76,50162;0,6387994;0,8032923;0,6607844;0,3636935;0,2047148;0,3662293;6,220093;-3,733477;6,190038
76,71452;0,6387994;0,8032923;0,660785;0,3636935;0,2047148;0,3662287;6,220093;-3,733477;6,190042
76,92545;0,6387994;0,8032923;0,6607851;0,3636935;0,2047148;0,3662286;6,220093;-3,733477;6,190044
77,14783;0,6387994;0,8032923;0,6607856;0,3636935;0,2047148;0,3662291;6,220093;-3,733477;6,190038
77,3705;0,6387994;0,8032923;0,660786;0,3636935;0,2047148;0,3662288;6,220093;-3,733477;6,190039
77,59727;0,6387994;0,8032923;0,660786;0,3636935;0,2047148;0,3662284;6,220093;-3,733477;6,190041
77,82046;0,6387994;0,8032923;0,6607864;0,3636935;0,2047148;0,3662283;6,220093;-3,733477;6,190043
78,04308;0,6387994;0,8032923;0,6607867;0,3636935;0,2047148;0,366228;6,220093;-3,733477;6,190045
78,26468;0,6387994;0,8032923;0,6607865;0,3636935;0,2047148;0,3662287;6,220093;-3,733477;6,190037
78,48591;0,6387994;0,8032923;0,6607873;0,3636935;0,2047148;0,3662283;6,220093;-3,733477;6,190039
78,70113;0,6387994;0,8032923;0,6607873;0,3636935;0,2047148;0,3662283;6,220093;-3,733477;6,190037
78,92669;0,6387994;0,8032923;0,6607875;0,3636935;0,2047148;0,3662284;6,220093;-3,733477;6,190037
79,14844;0,6387994;0,8032923;0,6607879;0,3636935;0,2047148;0,3662284;6,220093;-3,733477;6,190036
79,37129;0,6387994;0,8032923;0,6607881;0,3636935;0,2047148;0,3662283;6,220093;-3,733477;6,190035
79,59509;0,6387994;0,8032923;0,6607883;0,3636935;0,2047148;0,3662281;6,220093;-3,733477;6,190035
79,82045;0,6387994;0,8032923;0,6607887;0,3636935;0,2047148;0,366228;6,220093;-3,733477;6,190034
80,04715;0,6387994;0,8032923;0,660789;0,3636935;0,2047148;0,366228;6,220093;-3,733477;6,190035
80,26462;0,6387994;0,8032923;0,660789;0,3636935;0,2047148;0,3662279;6,220093;-3,733477;6,190037
80,4854;0,6387994;0,8032923;0,6607893;0,3636935;0,2047148;0,3662277;6,220093;-3,733477;6,190038
80,69873;0,6387994;0,8032923;0,6607897;0,3636935;0,2047148;0,3662279;6,220093;-3,733477;6,190034
80,91176;0,6387994;0,8032923;0,6607899;0,3636935;0,2047148;0,366228;6,220093;-3,733477;6,190031
81,1315;0,6387994;0,8032923;0,6607903;0,3636935;0,2047148;0,3662282;6,220093;-3,733477;6,190029
81,35148;0,6387994;0,8032923;0,6607901;0,3636935;0,2047148;0,3662275;6,220093;-3,733477;6,190036
81,57387;0,6387994;0,8032923;0,6607906;0,3636935;0,2047148;0,3662277;6,220093;-3,733477;6,190033
81,79949;0,6387994;0,8032923;0,6607907;0,3636935;0,2047148;0,3662277;6,220093;-3,733477;6,190032
82,02146;0,6387994;0,8032923;0,660791;0,3636935;0,2047148;0,3662277;6,220093;-3,733477;6,19003
82,23237;0,6387994;0,8032923;0,660791;0,3636935;0,2047148;0,3662276;6,220093;-3,733477;6,190032
82,44711;0,6387994;0,8032923;0,6607915;0,3636935;0,2047148;0,3662276;6,220093;-3,733477;6,190031
82,65428;0,6387994;0,8032923;0,6607917;0,3636935;0,2047148;0,3662273;6,220093;-3,733477;6,190032
82,86865;0,6387994;0,8032923;0,6607918;0,3636935;0,2047148;0,3662277;6,220093;-3,733477;6,190027
83,08505;0,6387994;0,8032923;0,6607924;0,3636935;0,2047148;0,3662268;6,220093;-3,733477;6,190035
83,29805;0,6387994;0,8032923;0,6607927;0,3636935;0,2047148;0,3662273;6,220093;-3,733477;6,190031
83,49866;0,6387994;0,8032923;0,6607926;0,3636935;0,2047148;0,3662274;6,220093;-3,733477;6,19003
83,72256;0,6387994;0,8032923;0,6607926;0,3636935;0,2047148;0,3662267;6,220093;-3,733477;6,190034
83,9472;0,6387994;0,8032923;0,6607932;0,3636935;0,2047148;0,3662271;6,220093;-3,733477;6,19003
84,17101;0,6387994;0,8032923;0,6607932;0,3636935;0,2047148;0,3662271;6,220093;-3,733477;6,190029
84,39283;0,6387994;0,8032923;0,6607934;0,3636935;0,2047148;0,3662263;6,220093;-3,733477;6,190034
84,61457;0,6387994;0,8032923;0,6607935;0,3636935;0,2047148;0,3662271;6,220093;-3,733477;6,190028
84,82505;0,6387994;0,8032923;0,6607938;0,3636935;0,2047148;0,3662264;6,220093;-3,733477;6,190033
85,03629;0,6387994;0,8032923;0,6607937;0,3636935;0,2047148;0,3662268;6,220093;-3,733477;6,190029
85,25873;0,6387994;0,8032923;0,6607944;0,3636935;0,2047148;0,3662261;6,220093;-3,733477;6,190035
85,48068;0,6387994;0,8032923;0,6607944;0,3636935;0,2047148;0,3662266;6,220093;-3,733477;6,190029
85,70056;0,6387994;0,8032923;0,6607945;0,3636935;0,2047148;0,3662262;6,220093;-3,733477;6,190031
85,92958;0,6387994;0,8032923;0,6607946;0,3636935;0,2047148;0,3662266;6,220093;-3,733477;6,190028
86,13123;0,6387994;0,8032923;0,660795;0,3636935;0,2047148;0,3662262;6,220093;-3,733477;6,190031
86,35701;0,6387994;0,8032923;0,6607952;0,3636935;0,2047148;0,3662265;6,220093;-3,733477;6,190027
86,58726;0,6387994;0,8032923;0,6607956;0,3636935;0,2047148;0,3662261;6,220093;-3,733477;6,190031
86,80453;0,6387994;0,8032923;0,6607958;0,3636935;0,2047148;0,3662263;6,220093;-3,733477;6,190028
87,0223;0,6387994;0,8032923;0,6607956;0,3636935;0,2047148;0,3662262;6,220093;-3,733477;6,190028
87,24673;0,6387994;0,8032923;0,6607962;0,3636935;0,2047148;0,3662257;6,220093;-3,733477;6,190032
87,46548;0,6387994;0,8032923;0,6607962;0,3636935;0,2047148;0,3662264;6,220093;-3,733477;6,190025
87,67922;0,6387994;0,8032923;0,6607964;0,3636935;0,2047148;0,3662262;6,220093;-3,733477;6,190025
87,89314;0,6387994;0,8032923;0,6607965;0,3636935;0,2047148;0,366226;6,220093;-3,733477;6,190025
88,11465;0,6387994;0,8032923;0,6607966;0,3636935;0,2047148;0,3662259;6,220093;-3,733477;6,190026
88,33836;0,6387994;0,8032923;0,6607967;0,3636935;0,2047148;0,3662258;6,220093;-3,733477;6,190027
88,55503;0,6387994;0,8032923;0,6607969;0,3636935;0,2047148;0,3662256;6,220093;-3,733477;6,190028
88,76726;0,6387994;0,8032923;0,6607974;0,3636935;0,2047148;0,3662255;6,220093;-3,733477;6,19003
88,98566;0,6387994;0,8032923;0,6607975;0,3636935;0,2047148;0,3662253;6,220093;-3,733477;6,190031
89,21254;0,6387994;0,8032923;0,6607974;0,3636935;0,2047148;0,3662262;6,220093;-3,733477;6,190022
89,43793;0,6387994;0,8032923;0,6607977;0,3636935;0,2047148;0,3662258;6,220093;-3,733477;6,190023
89,6461;0,6387994;0,8032923;0,6607978;0,3636935;0,2047148;0,3662256;6,220093;-3,733477;6,190025
89,86816;0,6387994;0,8032923;0,6607979;0,3636935;0,2047148;0,3662257;6,220093;-3,733477;6,190023
90,08426;0,6387994;0,8032923;0,6607984;0,3636935;0,2047148;0,3662254;6,220093;-3,733477;6,190025
90,29474;0,6387994;0,8032923;0,6607983;0,3636935;0,2047148;0,3662255;6,220093;-3,733477;6,190023
90,51485;0,6387994;0,8032923;0,6607985;0,3636935;0,2047148;0,3662256;6,220093;-3,733477;6,190022
90,73724;0,6387994;0,8032923;0,6607988;0,3636935;0,2047148;0,3662257;6,220093;-3,733477;6,190021
90,95827;0,6387994;0,8032923;0,6607988;0,3636935;0,2047148;0,3662257;6,220093;-3,733477;6,19002
91,18076;0,6387994;0,8032923;0,6607991;0,3636935;0,2047148;0,3662259;6,220093;-3,733477;6,19002
91,40636;0,6387994;0,8032923;0,660799;0,3636935;0,2047148;0,3662258;6,220093;-3,733477;6,190019
91,62534;0,6387994;0,8032923;0,6607995;0,3636935;0,2047148;0,3662257;6,220093;-3,733477;6,190018
91,83387;0,6387994;0,8032923;0,6607993;0,3636935;0,2047148;0,3662254;6,220093;-3,733477;6,190019
92,04915;0,6387994;0,8032923;0,6607999;0,3636935;0,2047148;0,3662255;6,220093;-3,733477;6,19002
92,2682;0,6387994;0,8032923;0,6608001;0,3636935;0,2047148;0,3662254;6,220093;-3,733477;6,19002
92,48862;0,6387994;0,8032923;0,6608001;0,3636935;0,2047148;0,3662254;6,220093;-3,733477;6,190021
92,70506;0,6387994;0,8032923;0,6608003;0,3636935;0,2047148;0,3662253;6,220093;-3,733477;6,190022
92,92749;0,6387994;0,8032923;0,6608005;0,3636935;0,2047148;0,3662251;6,220093;-3,733477;6,190022
93,14719;0,6387994;0,8032923;0,6608002;0,3636935;0,2047148;0,3662252;6,220093;-3,733477;6,190018
93,37162;0,6387994;0,8032923;0,6608008;0,3636935;0,2047148;0,3662251;6,220093;-3,733477;6,190019
93,58965;0,6387994;0,8032923;0,6608008;0,3636935;0,2047148;0,3662253;6,220093;-3,733477;6,190015
93,81165;0,6387994;0,8032923;0,6608008;0,3636935;0,2047148;0,3662247;6,220093;-3,733477;6,190022
94,02884;0,6387994;0,8032923;0,6608012;0,3636935;0,2047148;0,366225;6,220093;-3,733477;6,190018
94,24271;0,6387994;0,8032923;0,6608009;0,3636935;0,2047148;0,3662249;6,220093;-3,733477;6,190017
94,45983;0,6387994;0,8032923;0,6608016;0,3636935;0,2047148;0,3662252;6,220093;-3,733477;6,190015
94,68027;0,6387994;0,8032923;0,6608015;0,3636935;0,2047148;0,3662245;6,220093;-3,733477;6,190022
94,89496;0,6387994;0,8032923;0,6608016;0,3636935;0,2047148;0,3662246;6,220093;-3,733477;6,19002
95,11779;0,6387994;0,8032923;0,6608019;0,3636935;0,2047148;0,3662249;6,220093;-3,733477;6,190018
95,34495;0,6387994;0,8032923;0,6608017;0,3636935;0,2047148;0,3662247;6,220093;-3,733477;6,190019
95,56956;0,6387994;0,8032923;0,6608023;0,3636935;0,2047148;0,3662249;6,220093;-3,733477;6,190016
95,77357;0,6387994;0,8032923;0,660802;0,3636935;0,2047148;0,3662244;6,220093;-3,733477;6,19002
95,99765;0,6387994;0,8032923;0,6608021;0,3636935;0,2047148;0,366225;6,220093;-3,733477;6,190014
96,22111;0,6387994;0,8032923;0,6608025;0,3636935;0,2047148;0,3662242;6,220093;-3,733477;6,190021
96,44316;0,6387994;0,8032923;0,6608026;0,3636935;0,2047148;0,3662248;6,220093;-3,733477;6,190017
96,65887;0,6387994;0,8032923;0,6608028;0,3636935;0,2047148;0,3662244;6,220093;-3,733477;6,190017
96,86121;0,6387994;0,8032923;0,6608031;0,3636935;0,2047148;0,3662251;6,220093;-3,733477;6,190012
97,07433;0,6387994;0,8032923;0,6608034;0,3636935;0,2047148;0,3662241;6,220093;-3,733477;6,190019
97,27695;0,6387994;0,8032923;0,660803;0,3636935;0,2047148;0,3662242;6,220093;-3,733477;6,190016
97,50288;0,6387994;0,8032923;0,6608036;0,3636935;0,2047148;0,3662243;6,220093;-3,733477;6,190016
97,72972;0,6387994;0,8032923;0,6608037;0,3636935;0,2047148;0,3662238;6,220093;-3,733477;6,19002
97,92973;0,6387994;0,8032923;0,6608038;0,3636935;0,2047148;0,3662243;6,220093;-3,733477;6,190016
98,15007;0,6387994;0,8032923;0,6608041;0,3636935;0,2047148;0,3662237;6,220093;-3,733477;6,19002
98,36621;0,6387994;0,8032923;0,660804;0,3636935;0,2047148;0,3662246;6,220093;-3,733477;6,190012
98,58939;0,6387994;0,8032923;0,6608039;0,3636935;0,2047148;0,366224;6,220093;-3,733477;6,190017
98,81166;0,6387994;0,8032923;0,660804;0,3636935;0,2047148;0,3662243;6,220093;-3,733477;6,190017
99,03498;0,6387994;0,8032923;0,6608041;0,3636935;0,2047148;0,3662243;6,220093;-3,733477;6,190014
99,25866;0,6387994;0,8032923;0,6608044;0,3636935;0,2047148;0,3662235;6,220093;-3,733477;6,190018
99,46848;0,6387994;0,8032923;0,6608041;0,3636935;0,2047148;0,3662242;6,220093;-3,733477;6,190014
99,68886;0,6387994;0,8032923;0,6608046;0,3636935;0,2047148;0,3662235;6,220093;-3,733477;6,190019
99,90753;0,6387994;0,8032923;0,6608046;0,3636935;0,2047148;0,3662241;6,220093;-3,733477;6,190013
100,1274;0,6387994;0,8032923;0,6608047;0,3636935;0,2047148;0,3662239;6,220093;-3,733477;6,190016
100,3537;0,6387994;0,8032923;0,6608049;0,3636935;0,2047148;0,3662237;6,220093;-3,733477;6,190017
100,5769;0,6387994;0,8032923;0,6608049;0,3636935;0,2047148;0,3662241;6,220093;-3,733477;6,190012
100,8013;0,6387994;0,8032923;0,6608051;0,3636935;0,2047148;0,3662238;6,220093;-3,733477;6,190014
101,0243;0,6387994;0,8032923;0,6608054;0,3636935;0,2047148;0,3662235;6,220093;-3,733477;6,190015
101,2485;0,6387994;0,8032923;0,6608053;0,3636935;0,2047148;0,3662233;6,220093;-3,733477;6,190018
101,4713;0,6387994;0,8032923;0,6608057;0,3636935;0,2047148;0,3662241;6,220093;-3,733477;6,190012
101,6918;0,6387994;0,8032923;0,6608059;0,3636935;0,2047148;0,3662236;6,220093;-3,733477;6,190013
101,9161;0,6387994;0,8032923;0,6608058;0,3636935;0,2047148;0,3662233;6,220093;-3,733477;6,190017
102,121;0,6387994;0,8032923;0,6608058;0,3636935;0,2047148;0,3662238;6,220093;-3,733477;6,190014
102,3411;0,6387994;0,8032923;0,660806;0,3636935;0,2047148;0,3662234;6,220093;-3,733477;6,190017
102,5672;0,5556101;0,5419602;0,2713366;0,3531509;0,2217677;0,367122;9,044159;5,085855;12,16566
102,7846;0,1602436;0,1088272;0,09702082;0,2466159;0,1832194;0,3090053;22,8652;19,72968;23,90631
103,0027;-0,2191643;-0,3017689;-0,2063454;0,03378467;0,03596472;0,03591319;37,55445;34,41924;37,69914
103,2048;-0,3929371;-0,3609039;-0,2951809;-0,1140656;-0,004555071;-0,06158793;42,69378;34,41924;41,27103
103,4076;-0,4099327;-0,3662769;-0,3815173;-0,1297452;-0,008236691;-0,1253816;42,69378;34,41924;42,43311
103,6371;-0,3923386;-0,255244;-0,3627583;-0,1135133;0,06784388;-0,1102576;43,27651;38,95195;43,87181
103,8385;-0,1757079;0,05805147;-0,1508117;0,1264122;0,3211108;0,1267831;54,17723;52,51873;54,60984
104,0617;0,04175375;0,3296471;0,05580011;0,514752;0,6753009;0,5153084;69,20787;67,54949;69,29411
104,2623;0,1140656;0,3577451;0,1499797;0,7322719;0,7433015;0,7273946;73,03424;67,54949;72,46658
104,4887;0,1212169;0,3599578;0,1418408;0,7557126;0,7486567;0,7487965;73,03424;67,54949;72,8541
104,7047;0,121717;0,360128;0,140932;0,757352;0,7490684;0,7492337;73,03424;67,54949;72,92255
104,9247;0,08887628;0,2420931;0,05582209;0,6435947;0,4634094;0,1386296;76,2581;77,95821;81,56608
105,1475;0,03345614;0,1491516;0,02499777;0,21308;0,02771661;-0,2400293;90,91419;92,96072;95,4438
105,3744;0,09331066;0,1725954;0,1347034;-0,2355209;-0,4255655;-0,5824237;106,1992;108,2458;109,7883
105,6019;0,1501056;0,1865516;0,1617706;-0,4148702;-0,4678993;-0,4169138;108,2091;108,2458;108,3759
105,8268;0,1542029;0,1875352;0,1629382;-0,4273257;-0,4708829;-0,4370841;108,2091;108,2458;108,2506
106,052;0,1544951;0,1876051;0,1629073;-0,4282138;-0,471095;-0,437872;108,2091;108,2458;108,2291
106,2721;0,1545158;0,1876103;0,1628759;-0,4282767;-0,4711107;-0,4378842;108,2091;108,2458;108,2254
106,4978;0,1545174;0,1876107;0,1628691;-0,4282816;-0,4711119;-0,4378816;108,2091;108,2458;108,2248
106,715;0,1545175;0,1876107;0,1628663;-0,4282819;-0,471112;-0,4378797;108,2091;108,2458;108,2247
106,9312;0,1545175;0,1876107;0,1628659;-0,4282819;-0,471112;-0,4378805;108,2091;108,2458;108,2246
107,1359;0,1451542;0,1471116;0,1619752;-0,3998184;-0,3482644;-0,4034735;108,2091;108,2458;108,299
107,3389;0,02536845;0,01998379;0,03605924;-0,09118597;0,03735726;-0,1114339;117,3762;121,9195;118,203
107,5432;-0,1981878;-0,1960218;-0,1727998;0,2496179;0,3841217;0,2452781;131,134;135,6774;131,1507
107,7643;-0,5229009;-0,5123792;-0,4637853;0,5482836;0,6930854;0,5782465;142,1241;135,6774;131,1507
107,9705;-0,628893;-0,5395378;-0,4887658;0,6307246;0,7196093;0,6068311;142,1241;135,6774;131,1507
108,1821;-0,6386949;-0,5419239;-0,4909605;0,6383485;0,7219396;0,6093425;142,1241;135,6774;131,1507
108,3995;-0,6395324;-0,5421171;-0,1366789;0,6389999;0,7221283;-0,00274682;142,1241;135,6774;132,888
108,6223;-0,6395987;-0,5421316;-0,1567807;0,6390514;0,7221425;-0,06866992;142,1241;135,6774;133,0317
108,8424;-0,6396035;-0,5421327;-0,1640423;0,6390552;0,7221435;-0,07591942;142,1241;135,6774;133,0405
109,0654;-0,6396039;-0,5421327;-0,1662111;0,6390554;0,7221436;-0,07738595;142,1241;135,6774;133,0412
109,2846;-0,6396039;-0,5421327;-0,1668092;0,6390554;0,7221436;-0,07774837;142,1241;135,6774;133,0413
109,4931;-0,6396039;-0,5421327;-0,1669708;0,6390554;0,7221436;-0,0778437;142,1241;135,6774;133,0413
109,7075;-0,6396039;-0,5421327;-0,1670135;0,6390554;0,7221436;-0,07786977;142,1241;135,6774;133,0413
109,9228;-0,6396039;-0,5421327;-0,1670249;0,6390554;0,7221436;-0,07787637;142,1241;135,6774;133,0413
110,1458;-0,6396039;-0,5421327;-0,5225163;0,6390554;0,7221436;0,3813707;142,1241;135,6774;139,069
110,3564;-0,6396039;-0,5421327;-0,6272327;0,6390554;0,7221436;0,6363211;142,1241;135,6774;141,9736
110,5698;-0,6396039;-0,5421327;-0,6383543;0,6390554;0,7221436;0,6415668;142,1241;135,6774;142,1167
110,7935;-0,6396039;-0,5421327;-0,6394549;0,6390554;0,7221436;0,64262;142,1241;135,6774;142,1387
111,0018;-0,6396039;-0,5421327;-0,6395792;0,6390554;0,7221436;0,6427934;142,1241;135,6774;142,142
111,2196;-0,6396039;-0,5421327;-0,639595;0,6390554;0,7221436;0,6428204;142,1241;135,6774;142,1425
111,4375;-0,6396039;-0,5421327;-0,6395984;0,6390554;0,7221436;0,6428247;142,1241;135,6774;142,1426
111,6545;-0,6396039;-0,5421327;-0,6395989;0,6390554;0,7221436;0,642825;142,1241;135,6774;142,1426
111,8732;-0,6396039;-0,5421327;-0,6395984;0,6390554;0,7221436;0,6428255;142,1241;135,6774;142,1426
112,0955;-0,6396039;-0,5421327;-0,6395981;0,6390554;0,7221436;0,642826;142,1241;135,6774;142,1426
112,3121;-0,6396039;-0,5421327;-0,6395984;0,6390554;0,7221436;0,6428249;142,1241;135,6774;142,1426
112,5316;-0,6396039;-0,5421327;-0,6395979;0,6390554;0,7221436;0,6428254;142,1241;135,6774;142,1426
112,7446;-0,6396039;-0,5421327;-0,6395977;0,6390554;0,7221436;0,6428259;142,1241;135,6774;142,1426
112,9593;-0,6396039;-0,5421327;-0,6395984;0,6390554;0,7221436;0,6428256;142,1241;135,6774;142,1426
113,185;-0,6396039;-0,5421327;-0,6395966;0,6390554;0,7221436;0,6428262;142,1241;135,6774;142,1426
113,4116;-0,6396039;-0,5421327;-0,6395972;0,6390554;0,7221436;0,6428252;142,1241;135,6774;142,1426
113,6367;-0,6396039;-0,5421327;-0,6395966;0,6390554;0,7221436;0,6428251;142,1241;135,6774;142,1426
113,8616;-0,6396039;-0,5421327;-0,6395967;0,6390554;0,7221436;0,6428253;142,1241;135,6774;142,1426
114,0852;-0,6396039;-0,5421327;-0,6395968;0,6390554;0,7221436;0,6428255;142,1241;135,6774;142,1426
114,2855;-0,6396039;-0,5421327;-0,6395962;0,6390554;0,7221436;0,6428255;142,1241;135,6774;142,1426
114,506;-0,6396039;-0,5421327;-0,6395964;0,6390554;0,7221436;0,6428257;142,1241;135,6774;142,1426
114,7215;-0,6396039;-0,5421327;-0,6395957;0,6390554;0,7221436;0,6428256;142,1241;135,6774;142,1426
114,938;-0,6329746;-0,4972464;-0,6265056;0,6338992;0,6783063;0,6260473;141,8413;133,5646;141,5914
115,1629;-0,3931633;-0,1871739;-0,3466403;0,4108907;0,3522945;0,4240911;130,7982;118,413;129,9825
115,363;-0,164065;0,003189241;-0,1425751;0,08402614;0,0004166396;0,0757771;117,3252;104,9403;117,1384
115,5734;-0,01189834;0,1116862;0,0006485358;-0,3072102;-0,4061944;-0,3138309;103,1531;90,76817;103,089
115,7778;0,03147653;0,1127794;0,05250955;-0,5517627;-0,4877242;-0,1348698;97,28372;90,76817;101,5661
115,9921;0,03484944;0,1128738;0,08608589;-0,5781519;-0,4947633;-0,2073149;97,28372;90,76817;100,7649
116,2109;0,03512621;0,1128812;0,06463;-0,5803173;-0,4953206;-0,554278;97,28372;90,76817;97,69285
116,4293;0,03514759;0,1128818;0,06282552;-0,5804846;-0,495364;-0,5633518;97,28372;90,76817;97,453
116,6457;0,0193904;0,1074532;0,05133006;-0,3812127;-0,09048487;0,1109381;90,54916;77,13226;85,46856
116,873;0,04920347;0,1435976;0,06064556;-0,01172152;0,06773915;0,3290409;81,11216;77,13226;84,51471
117,0991;0,05651882;0,1461192;0,07072853;0,03505826;0,07877727;0,03431717;81,11216;77,13226;81,35784
117,3203;0,05702994;0,146304;0,07473613;0,03832674;0,07958653;0,02387014;81,11216;77,13226;81,05141
117,5326;0,05706848;0,146319;0,07527304;0,03857321;0,0796522;0,02315844;81,11216;77,13226;80,99964
117,7542;0,05707174;0,1463202;0,07534631;0,03859401;0,07965731;0,0231151;81,11216;77,13226;80,99076
117,9775;0,05707198;0,1463203;0,07535696;0,03859556;0,07965768;0,02311288;81,11216;77,13226;80,98924
118,1944;0,057072;0,1463203;0,07535782;0,03859568;0,07965771;0,02311275;81,11216;77,13226;80,98898
118,4134;0,057072;0,1463203;0,07535814;0,03859568;0,07965771;0,02311325;81,11216;77,13226;80,98893
118,6158;0,057072;0,1463203;0,07535808;0,03859568;0,07965771;0,02311296;81,11216;77,13226;80,98892
118,8215;0,057072;0,1463203;0,07535762;0,03859568;0,07965771;0,02311274;81,11216;77,13226;80,98892
119,0422;0,057072;0,1463203;0,07535807;0,03859568;0,07965771;0,0231132;81,11216;77,13226;80,98892
119,2586;0,057072;0,1463203;0,07535773;0,03859568;0,07965771;0,02311286;81,11216;77,13226;80,98892
119,4684;0,057072;0,1463203;0,07535821;0,03859568;0,07965771;0,02311329;81,11216;77,13226;80,98892
119,6958;0,057072;0,1463203;0,07535791;0,03859568;0,07965771;0,02311293;81,11216;77,13226;80,98892
119,9052;0,057072;0,1463203;0,07535753;0,03859568;0,07965771;0,02311265;81,11216;77,13226;80,98892
120,1081;0,057072;0,1463203;0,07535806;0,03859568;0,07965771;0,02311305;81,11216;77,13226;80,98892
120,3118;0,057072;0,1463203;0,07535772;0,03859568;0,07965771;0,02311274;81,11216;77,13226;80,98892
120,5209;0,057072;0,1463203;0,07535829;0,03859568;0,07965771;0,02311312;81,11216;77,13226;80,98892
120,7319;0,057072;0,1463203;0,07535782;0,03859568;0,07965771;0,02311281;81,11216;77,13226;80,98892
120,9605;0,057072;0,1463203;0,07535765;0,03859568;0,07965771;0,02311264;81,11216;77,13226;80,98892
121,1768;0,057072;0,1463203;0,07535827;0,03859568;0,07965771;0,02311298;81,11216;77,13226;80,98892
121,39;0,057072;0,1463203;0,075358;0,03859568;0,07965771;0,02311262;81,11216;77,13226;80,98892
121,6114;0,057072;0,1463203;0,07535841;0,03859568;0,07965771;0,02311304;81,11216;77,13226;80,98892
121,8294;0,057072;0,1463203;0,07535801;0,03859568;0,07965771;0,02311266;81,11216;77,13226;80,98892
122,0344;0,057072;0,1463203;0,07535844;0,03859568;0,07965771;0,02311306;81,11216;77,13226;80,98892
122,2623;0,057072;0,1463203;0,07535808;0,03859568;0,07965771;0,02311267;81,11216;77,13226;80,98892
122,4672;0,057072;0,1463203;0,07535855;0,03859568;0,07965771;0,02311304;81,11216;77,13226;80,98892
122,6936;0,057072;0,1463203;0,07535822;0,03859568;0,07965771;0,02311262;81,11216;77,13226;80,98892
122,8953;0,057072;0,1463203;0,07535872;0,03859568;0,07965771;0,02311298;81,11216;77,13226;80,98892
123,1029;0,057072;0,1463203;0,07535842;0,03859568;0,07965771;0,02311254;81,11216;77,13226;80,98892
123,3259;0,057072;0,1463203;0,07535809;0,03859568;0,07965771;0,02311244;81,11216;77,13226;80,98892
123,529;0,057072;0,1463203;0,0753585;0,03859568;0,07965771;0,02311286;81,11216;77,13226;80,98892
123,7503;0,057072;0,1463203;0,0753581;0,03859568;0,07965771;0,02311249;81,11216;77,13226;80,98892
123,9526;0,057072;0,1463203;0,07535867;0,03859568;0,07965771;0,02311279;81,11216;77,13226;80,98892
124,1797;0,057072;0,1463203;0,07535831;0,03859568;0,07965771;0,02311239;81,11216;77,13226;80,98892
124,4018;0,057072;0,1463203;0,07535838;0,03859568;0,07965771;0,02311261;81,11216;77,13226;80,98892
124,6231;0,057072;0,1463203;0,07535814;0,03859568;0,07965771;0,02311245;81,11216;77,13226;80,98892
124,834;0,057072;0,1463203;0,07535863;0,03859568;0,07965771;0,0231128;81,11216;77,13226;80,98892
125,0384;0,057072;0,1463203;0,07535832;0,03859568;0,07965771;0,02311237;81,11216;77,13226;80,98892
125,2401;0,057072;0,1463203;0,07535846;0,03859568;0,07965771;0,02311254;81,11216;77,13226;80,98892
125,4533;0,057072;0,1463203;0,07535827;0,03859568;0,07965771;0,02311233;81,11216;77,13226;80,98892
125,6771;0,057072;0,1463203;0,07535882;0,03859568;0,07965771;0,02311265;81,11216;77,13226;80,98892
125,8992;0,057072;0,1463203;0,07535833;0,03859568;0,07965771;0,02311227;81,11216;77,13226;80,98892
126,12;0,057072;0,1463203;0,07535852;0,03859568;0,07965771;0,0231124;81,11216;77,13226;80,98892
126,3205;0,057072;0,1463203;0,07535873;0,03859568;0,07965771;0,02311252;81,11216;77,13226;80,98892
126,8275;0,057072;0,1463203;0,07535861;0,03859568;0,07965771;0,02311226;81,11216;77,13226;80,98892
127,0464;0,057072;0,1463203;0,07646284;0,03859568;0,07965771;0,02434689;81,11216;77,13226;81,00336
127,2692;0,057072;0,1463203;0,07667249;0,03859568;0,07965771;0,02642174;81,11216;77,13226;81,02295
127,4721;0,057072;0,1463203;0,07668885;0,03859568;0,07965771;0,0285413;81,11216;77,13226;81,04283
127,6778;0,057072;0,1463203;0,07667176;0,03859568;0,07965771;0,03037295;81,11216;77,13226;81,06002
127,897;0,057072;0,1463203;0,07665201;0,03859568;0,07965771;0,03182682;81,11216;77,13226;81,07365
128,1127;0,057072;0,1463203;0,07663656;0,03859568;0,07965771;0,03292879;81,11216;77,13226;81,08399
128,3156;0,057072;0,1463203;0,07662388;0,03859568;0,07965771;0,03374519;81,11216;77,13226;81,09164
128,5321;0,057072;0,1463203;0,07654191;0,03859568;0,07965771;0,03091415;81,11216;77,13226;81,06877
128,7525;0,057072;0,1463203;0,07643888;0,03859568;0,07965771;0,03029492;81,11216;77,13226;81,06079
128,9558;0,057072;0,1463203;0,0764268;0,03859568;0,07965771;0,02995414;81,11216;77,13226;81,05701
129,1685;0,07785146;0,2182519;0,09214064;0,171475;0,3945421;0,186976;81,11216;77,13226;81,22591
129,3815;0,1260904;0,2460435;0,143908;0,4799505;0,5162011;0,4785624;81,11216;77,13226;80,80632
129,5915;0,1320712;0,2484335;0,1483565;0,5181965;0,5266634;0,5631863;81,11216;77,13226;80,76486
129,801;0,132598;0,2486433;0,1450917;0,5215649;0,5275819;0,5753623;81,11216;77,13226;80,8431
130,0123;0,1439107;0,2973628;0,1802102;0,5878304;0,7408539;0,5051935;78,85148;69,7651;76,44367
130,2229;0,2560918;0,4430761;0,3094895;0,9580785;1,136148;0,9539979;65,79597;55,57758;63,67809
130,4477;0,4775831;0,6285595;0,4815264;1,331015;1,406812;1,381331;51,1485;44,52779;51,75881
130,6491;0,5374339;0,6490022;0,5478936;1,405318;1,426921;1,418489;51,1485;44,52779;51,49282
130,874;0,5436275;0,6507183;0,5634868;1,413006;1,428609;1,421673;51,1485;44,52779;51,29849
131,0877;0,4227756;0,3720393;0,09253682;1,264857;1,154486;1,172064;48,11833;31,36374;36,42685
131,2912;0,1216707;0,02455106;-0,1940077;0,9925458;0,9426796;0,8250048;34,41399;17,65924;23,1093
131,5008;-0,2080145;-0,1836999;-0,1948759;0,8107238;0,8763814;0,8134586;22,7107;17,65924;22,66085
131,7104;-0,2721057;-0,2019704;-0,2588558;0,7838998;0,8705649;0,9129132;22,7107;17,65924;22,64076
131,9334;-0,2779104;-0,2034674;-0,2628013;0,7814704;0,8700883;0,9312905;22,7107;17,65924;22,7141
132,1521;-0,2783598;-0,2035869;-0,2715927;0,7812822;0,8700503;0,8990133;22,7107;17,65924;22,53992
132,3737;-0,2783962;-0,2035964;-0,2709125;0,781267;0,8700472;0,8912945;22,7107;17,65924;22,47683
132,5837;-0,1490135;0,1045822;-0,1095687;0,8305133;0,9681581;0,7482397;18,04765;6,767799;14,86449
132,7939;0,2562959;0,521881;0,31213;0,9161563;1,01768;0,8825951;4,06308;-7,383755;1,907084
133,011;0,6166874;0,6890885;0,5887448;0,9101608;0,9960118;1,16155;-5,097885;-7,383755;-1,700401
133,2139;0,6641628;0,7031259;0,6277792;0,9059256;0,9941927;1,062865;-5,097885;-7,383755;-3,375398
133,4209;0,6687757;0,7044289;0,6674728;0,9055141;0,9940239;0,970124;-5,097885;-7,383755;-4,268848
133,6304;0,6691951;0,7045448;0,6785056;0,9054766;0,9940088;0,92546;-5,097885;-7,383755;-4,762183
133,8387;0,6692321;0,7045551;0,6840847;0,9054734;0,9940075;0,9021549;-5,097885;-7,383755;-5,023006
134,0544;0,9246902;1,132465;0,9880394;0,8696774;0,9385551;0,5618274;-12,89335;-21,91453;-18,88997
134,2644;1,306892;1,412781;1,3137;0,7405888;0,8257862;0,8814204;-23,35052;-21,91453;-20,75223
134,472;1,394078;1,437747;1,390418;0,7029493;0,8157426;0,8275887;-23,35052;-21,91453;-21,83176
134,6754;1,401621;1,439948;1,421221;0,6996931;0,8148573;0,7655225;-23,35052;-21,91453;-22,44864
134,884;1,402333;1,440149;1,425323;0,6993855;0,8147765;0,7369084;-23,35052;-21,91453;-22,81103
135,0866;1,402397;1,440168;1,427245;0,6993581;0,8147689;0,721008;-23,35052;-21,91453;-23,01617
135,296;1,402403;1,440169;1,428306;0,6993554;0,8147682;0,71204;-23,35052;-21,91453;-23,13215
135,5043;1,27931;1,145412;1,030568;0,7566582;0,9333465;0,6237611;-27,71704;-32,61387;-34,38688
135,7261;0,9179556;0,7716526;0,6561075;1,002924;1,172503;0,880079;-42,48326;-47,55676;-50,42886
135,9365;0,7849466;0,7366905;0,8338197;1,134938;1,210734;0,9937652;-46,7776;-47,55676;-48,41785
136,1416;0,7737793;0,733512;0,8134323;1,146821;1,214209;1,060436;-46,7776;-47,55676;-47,90281
136,3603;0,7727887;0,7332535;0,80532;1,147875;1,214492;1,086842;-46,7776;-47,55676;-47,58601
136,5686;0,8184441;0,8796121;0,9611246;1,097898;1,054452;0,6399714;-49,0603;-54,86016;-56,00659
136,778;1,040394;1,120676;1,10203;0,7841135;0,7119591;0,2952178;-62,03003;-68,96444;-68,89369
136,9884;1,196107;1,271745;1,158622;0,394251;0,3191388;-0,103966;-76,2034;-83,13757;-82,69031
137,2119;1,251875;1,309688;1,199025;-0,03114711;0,003860405;-0,4189385;-89,30562;-83,13757;-82,69031
137,4218;1,253023;1,312809;1,10931;-0,1259051;-0,02206778;-0,05763444;-89,30562;-83,13757;-82,9315
137,6433;1,253127;1,313067;1,315408;-0,1344582;-0,02421568;0,09812927;-89,30562;-83,13757;-85,74737
137,8512;1,254487;1,275007;1,48073;0,0023298;0,2920391;0,04873422;-93,28389;-93,86462;-96,30862
138,0542;1,318414;1,302375;1,331622;0,3974386;0,6971827;0,3116755;-106,7934;-107,5393;-108,4913
138,2569;1,47484;1,424518;1,501569;0,7702807;1,083644;0,672949;-120,442;-121,1883;-122,4307
138,4659;1,723522;1,641043;1,756737;1,105125;1,441334;1,024859;-134,5227;-135,269;-135,8095
138,6803;2,041437;1,858785;2,020195;1,36635;1,657042;1,439408;-148,4141;-145,5906;-147,4633
138,8975;2,124514;1,880042;2,122256;1,417431;1,671602;1,449347;-148,4141;-145,5906;-148,0404
139,1117;2,085474;1,719123;2,079476;1,393427;1,56138;1,402587;-148,4141;-145,5906;-148,4237
139,3248;1,762516;1,367593;1,768877;1,194852;1,320598;1,189674;-148,4141;-145,5906;-148,4446
139,5326;1,408424;1,024648;1,411885;0,9771332;1,085696;0,9788178;-148,4141;-145,5906;-148,4599
139,7363;1,061406;0,6885519;1,070993;0,7637641;0,855485;0,7632128;-148,4141;-145,5906;-148,3316
139,9482;0,6984398;0,3388849;0,7511219;0,5450214;0,6159787;0,1728489;-153,092;-159,8634;-158,2249
140,1577;0,307304;-0,05450961;0,3360981;0,3977072;0,471732;-0,1323036;-167,2024;-173,9739;-172,0534
140,3665;-0,1056045;-0,4697438;-0,08726044;0,3381339;0,4278978;0,182604;-173,6243;-173,9739;-173,4016
140,5669;-0,5039898;-0,8684075;-0,4974271;0,2936186;0,3858127;0,2793558;-173,6243;-173,9739;-173,6956
140,7881;-0,9437484;-1,308437;-1,050234;0,2444805;0,339361;0,3668155;-173,6243;-173,9739;-172,2907
141,0001;-1,328102;-1,538081;-1,355062;0,2015332;0,3151185;0,2418644;-173,6243;-173,9739;-173,1062
141,2025;-1,40317;-1,560218;-1,398066;0,1931452;0,3127817;0,2158485;-173,6243;-173,9739;-173,4838
141,4227;-1,410971;-1,562217;-1,402899;0,1922734;0,3125706;0,1962088;-173,6243;-173,9739;-173,7332
141,6414;-1,411617;-1,562386;-1,398277;0,1922012;0,3125528;0,1920516;-173,6243;-173,9739;-173,8089
141,8422;-1,41167;-1,562401;-1,396552;0,1921953;0,3125511;0,1906192;-173,6243;-173,9739;-173,8339
142,0636;-1,411676;-1,562403;-1,395967;0,1921947;0,312551;0,1901299;-173,6243;-173,9739;-173,8423
142,2833;-1,411676;-1,562403;-1,395769;0,1921946;0,312551;0,1899624;-173,6243;-173,9739;-173,8451
142,4836;-1,411676;-1,562403;-1,395702;0,1921946;0,312551;0,1899045;-173,6243;-173,9739;-173,8461
142,6996;-1,405032;-1,506876;-1,385674;0,1929371;0,3184127;0,1890877;-173,6243;-173,9739;-173,8596
142,9169;-1,103003;-1,074677;-1,064111;0,2266855;0,3640379;0,2125952;-173,6243;-173,9739;-173,7406
143,1298;-0,679571;-0,6510965;-0,2780692;0,2724882;0,4087532;0,268335;-177,031;171,6824;171,5588
143,3335;-0,2738289;-0,2480628;0,1000126;0,2503275;0,3498304;0,1550554;169,2523;157,9656;157,3595
143,5404;0,1212699;0,1355296;0,4767728;0,1307145;0,1945806;-0,01253333;155,3167;144,0298;143,0993
143,7539;0,4865292;0,4811862;0,7966273;-0,08839051;-0,05627881;-0,2679339;140,9336;129,647;128,3748
143,9641;0,7821864;0,7494315;0,7766881;-0,3859606;-0,3799903;-0,4293223;129,9143;129,647;129,232
144,1763;0,9981351;0,8420613;1,009228;-0,6441013;-0,4917736;-0,6518495;129,9143;129,647;129,6284
144,3819;1,02858;0,8507484;1,037086;-0,6804949;-0,5022569;-0,688155;129,9143;129,647;129,9166
144,5871;1,031515;0,851592;1,041137;-0,6840028;-0,503275;-0,6793741;129,9143;129,647;130,0336
144,7909;1,031802;0,8516751;1,043488;-0,6843456;-0,5033752;-0,6748812;129,9143;129,647;130,0911
145,0053;1,03183;0,8516826;1,04467;-0,6843795;-0,5033843;-0,6727285;129,9143;129,647;130,1192
145,2148;1,07995;1,002731;1,020978;-0,7439436;-0,6856658;-0,868785;127,3355;121,6749;125,2148
145,4202;1,250917;1,080687;1,30863;-0,9923277;-0,8120108;-0,9158506;123,6441;121,6749;125,3259
145,6367;1,278843;1,087587;1,377654;-1,034289;-0,8231933;-0,9468534;123,6441;121,6749;125,709
145,8456;1,281169;1,088204;1,389603;-1,037784;-0,8241943;-0,9359565;123,6441;121,6749;125,8735
146,0541;1,281385;1,088262;1,393578;-1,038109;-0,8242874;-0,9310064;123,6441;121,6749;125,9472
146,2636;1,272238;1,036499;1,299868;-1,024301;-0,7403948;-1,03215;123,0853;118,3552;123,1072
146,4652;1,127359;0,845064;1,088803;-0,7585137;-0,3856795;-0,8351769;112,8791;104,7812;111,6513
146,6734;1,008337;0,7388177;1,012267;-0,3605516;0,0169821;-0,4017664;98,85584;90,75706;98,37103
146,8893;0,9903228;0,7331133;1,002357;0,06965933;0,4486766;0,05036098;84,31682;76,21808;83,99158
147,1045;1,080467;0,835651;1,110518;0,4893857;0,8667045;0,4772791;69,82111;61,72327;68,81159
147,3091;1,189324;0,8818117;1,187067;0,7401852;0,9525176;0,8979848;64,43993;61,72327;66,89545
147,5306;1,155611;0,7500678;1,211057;0,6744025;0,7076045;0,5205929;61,25659;52,35802;58,16851
147,746;0,9202579;0,4869198;0,9449854;0,3371635;0,3664173;0,1891035;47,3745;37,8478;44,89207
147,9565;0,6037396;0,1545359;0,6063613;0,06128115;0,1081497;-0,05360468;33,19892;23,67262;31,96356
148,1588;0,2447616;-0,2161046;0,2480722;-0,1235445;-0,05433885;-0,1980015;19,57055;10,04418;19,08005
148,3699;-0,1648574;-0,6317241;-0,1508827;-0,2207949;-0,1279542;-0,2601816;5,356438;-4,170076;5,083382
148,5858;-0,4480656;-0,7250354;-0,4353561;-0,2286122;-0,1211508;-0,1996152;-1,61515;-4,170076;-0,1721208
148,8002;-0,4081919;-0,5163576;-0,3901127;-0,2303813;-0,1363656;-0,3116839;-3,573021;-11,21615;-4,705618
149,0161;-0,02301213;-0,09293123;-0,01650415;-0,2942452;-0,2203304;-0,3930556;-16,74899;-25,75309;-17,76543
149,2315;0,3720119;0,2952044;0,3690178;-0,4635184;-0,4075707;-0,5150305;-31,26044;-40,26536;-31,79636
149,4368;0,6977472;0,608434;0,6988505;-0,711655;-0,6728835;-0,7227799;-45,08411;-54,08906;-45,17553
149,651;0,8241071;0,6019797;0,8407373;-0,8383899;-0,6639707;-0,8163567;-44,99695;-54,45964;-44,51303
149,8747;0,6417489;0,3418529;0,5909722;-0,6277893;-0,2998292;-0,8178918;-54,3873;-69,52996;-57,50585
150,0789;0,4411357;0,1990545;0,4202151;-0,2732279;0,08271242;-0,4054729;-68,1389;-83,28072;-69,53226
150,2886;0,3287403;0,1499823;0,3342778;0,1297163;0,4992348;0,05997317;-82,26199;-97,40451;-83,06168
150,4915;0,3163042;0,2022822;0,3357441;0,5343987;0,9016734;0,5082961;-95,92836;-111,071;-96,48782
150,7152;0,362267;0,2321785;0,3596992;0,8069109;0,9792683;0,9715463;-102,3642;-111,071;-99,83827
150,9281;0,3524392;0,1556272;0,3870577;0,7649268;0,7805816;0,7493869;-104,2385;-118,2414;-105,6381
151,1355;0,2250553;-0,04070617;0,2453382;0,4120723;0,4150555;0,3182048;-116,8961;-132,2141;-118,0161
151,3528;-0,01351037;-0,3327362;0,006492965;0,05016936;0,09315039;-0,007911894;-131,5328;-146,8507;-132,077
151,5748;-0,2343166;-0,4211578;-0,2878623;-0,1644645;0,03540064;0,3401803;-139,3486;-146,8507;-135,3251
151,7779;-0,2593034;-0,429246;-0,3243536;-0,1859197;0,03011812;0,1986935;-139,3486;-146,8507;-136,2946
151,9914;-0,261813;-0,4299887;-0,3240924;-0,1880746;0,02963304;0,1743755;-139,3486;-146,8507;-136,431
152,2052;-0,2620321;-0,4300534;-0,266488;-0,1882628;0,02959077;-0,1212727;-139,3486;-146,8507;-138,5614
152,4169;-0,2620513;-0,4300592;-0,2532378;-0,1882793;0,02958703;-0,1938;-139,3486;-146,8507;-139,2479
152,6414;-0,215565;-0,2439344;-0,2072662;-0,1483634;0,1511483;-0,1521726;-139,3486;-146,8507;-139,4482
152,8608;0,1083039;0,1233584;0,1300547;0,08512729;0,3910338;0,00780493;-151,5918;-161,6241;-152,4454
153,0873;0,5282761;0,553349;0,5433545;0,2516464;0,5338721;0,211364;-166,8505;-176,8824;-167,2302
153,3123;0,9741125;1,002634;0,9927443;0,3017849;0,5583427;0,2871934;177,9973;167,9651;177,4486
153,5239;1,391945;1,41661;1,417608;0,2412987;0,4700855;0,2054905;163,7432;153,7107;163,0198
153,7355;1,782019;1,796081;1,797879;0,07990907;0,2826273;0,03158793;149,4902;139,4574;148,5222
153,9515;2,126631;2,124303;2,14501;-0,1785455;0,001876723;-0,2207734;134,945;124,9122;134,0644
154,1582;2,287961;2,168123;2,304612;-0,3579543;-0,06090811;-0,2306207;129,5632;124,9122;131,3414
154,3687;2,224031;1,998222;2,030296;-0,2755994;0,1825282;-0,3720596;125,6527;114,9151;122,1775
154,5725;2,027802;1,826462;1,999232;0,06818514;0,5522984;-0,09061802;112,2929;101,1849;109,7517
154,7785;1,912947;1,746541;1,93986;0,4628393;0,9564905;0,3140629;98,41781;87,30976;95,72991
154,9909;1,896924;1,76648;1,935559;0,8862107;1,380827;0,7558967;84,11242;73,00407;82,35088
155,2099;1,909099;1,75896;1,963973;1,004273;1,356226;0,9094889;84,11242;73,00407;82,89812
155,4182;1,864679;1,637197;1,90514;0,7443396;0,9578544;0,3482826;75,22457;58,97584;68,55592
155,6219;1,720539;1,427249;1,684515;0,3643906;0,6087771;-0,1239716;61,50703;45,25798;54,80429
155,8348;1,478356;1,127492;1,354855;0,01547283;0,3063085;-0,4747668;47,16677;30,91732;40,78645
156,0551;1,145109;0,7494335;0,9383771;-0,2709798;0,07989018;-0,7268245;32,32596;16,07717;26,42617
156,2777;0,745331;0,3216546;0,4990223;-0,4639714;-0,04339707;-0,9304109;17,33372;1,084962;11,43942
156,4985;0,3229338;-0,02015415;0,2752483;-0,5453091;-0,04987027;-0,7534198;2,806992;-10,42784;0,7530693
156,7073;0,216826;-0,04965114;0,2032668;-0,5505117;-0,04444173;-0,6572772;2,806992;-10,42784;1,638754
156,9211;0,2069735;-0,05226919;0,1952232;-0,5509948;-0,04395992;-0,6092218;2,806992;-10,42784;2,252487
157,1275;0,2061118;-0,05251148;0,2007981;-0,551037;-0,04391532;-0,5812669;2,806992;-10,42784;2,547606
157,3344;0,2060291;-0,0525346;0,2038459;-0,5510411;-0,04391107;-0,5671631;2,806992;-10,42784;2,693335
157,5374;0,2060212;-0,05253688;0,2053677;-0,5510415;-0,04391065;-0,5601416;2,806992;-10,42784;2,765625
157,7519;0,2060204;-0,05253708;0,2061243;-0,5510415;-0,04391061;-0,556655;2,806992;-10,42784;2,801525
157,9678;0,2060203;-0,0525371;0,2065008;-0,5510415;-0,04391061;-0,5549232;2,806992;-10,42784;2,819338
158,1805;0,2060203;-0,0525371;0,2066883;-0,5510415;-0,04391061;-0,5540644;2,806992;-10,42784;2,82819
158,3932;0,2060203;-0,0525371;0,2067809;-0,5510415;-0,04391061;-0,5536372;2,806992;-10,42784;2,832561
158,6062;0,2060203;-0,0525371;0,2068282;-0,5510415;-0,04391061;-0,5534268;2,806992;-10,42784;2,834747
158,8113;0,2060203;-0,0525371;0,2068506;-0,5510415;-0,04391061;-0,5533228;2,806992;-10,42784;2,83584
159,0212;0,2060203;-0,0525371;0,2068623;-0,5510415;-0,04391061;-0,5532701;2,806992;-10,42784;2,836332
159,2256;0,2060203;-0,0525371;0,2068681;-0,5510415;-0,04391061;-0,5532461;2,806992;-10,42784;2,836605
159,4318;0,2060203;-0,0525371;0,2068721;-0,5510415;-0,04391061;-0,5532342;2,806992;-10,42784;2,836714
159,6542;0,2060203;-0,0525371;0,2068733;-0,5510415;-0,04391061;-0,5532289;2,806992;-10,42784;2,836769
159,8597;0,2060203;-0,0525371;0,2068741;-0,5510415;-0,04391061;-0,5532268;2,806992;-10,42784;2,836823
160,0702;0,2060203;-0,0525371;0,2068757;-0,5510415;-0,04391061;-0,5532255;2,806992;-10,42784;2,836823
160,2737;0,2060203;-0,0525371;0,2068753;-0,5510415;-0,04391061;-0,5532254;2,806992;-10,42784;2,836823
160,4765;0,2060203;-0,0525371;0,206877;-0,5510415;-0,04391061;-0,5532264;2,806992;-10,42784;2,836823
160,6765;0,2060203;-0,0525371;0,2068771;-0,5510415;-0,04391061;-0,5532268;2,806992;-10,42784;2,836823
160,8843;0,2060203;-0,0525371;0,2068776;-0,5510415;-0,04391061;-0,5532275;2,806992;-10,42784;2,836823
161,0968;0,2060203;-0,0525371;0,2068769;-0,5510415;-0,04391061;-0,5532277;2,806992;-10,42784;2,836823
161,3117;0,2060203;-0,0525371;0,2068776;-0,5510415;-0,04391061;-0,5532268;2,806992;-10,42784;2,836769
161,5303;0,2060203;-0,0525371;0,2068784;-0,5510415;-0,04391061;-0,55323;2,806992;-10,42784;2,836769
161,7448;0,2060203;-0,0525371;0,2068789;-0,5510415;-0,04391061;-0,5532304;2,806992;-10,42784;2,836769
161,9557;0,2060203;-0,0525371;0,2068776;-0,5510415;-0,04391061;-0,5532309;2,806992;-10,42784;2,836769
162,156;0,2060203;-0,0525371;0,206879;-0,5510415;-0,04391061;-0,5532315;2,806992;-10,42784;2,836769
162,3774;0,2060203;-0,0525371;0,2068786;-0,5510415;-0,04391061;-0,5532318;2,806992;-10,42784;2,836769
162,5854;0,2060203;-0,0525371;0,2068792;-0,5510415;-0,04391061;-0,5532318;2,806992;-10,42784;2,836769
162,7988;0,2060203;-0,0525371;0,2068795;-0,5510415;-0,04391061;-0,5532327;2,806992;-10,42784;2,836769
163,0079;0,2060203;-0,0525371;0,2068802;-0,5510415;-0,04391061;-0,5532335;2,806992;-10,42784;2,836769
163,2161;0,2060203;-0,0525371;0,2068797;-0,5510415;-0,04391061;-0,5532336;2,806992;-10,42784;2,836769
163,4293;0,2060203;-0,0525371;0,2068811;-0,5510415;-0,04391061;-0,5532347;2,806992;-10,42784;2,836769
163,6393;0,2060203;-0,0525371;0,2068813;-0,5510415;-0,04391061;-0,5532349;2,806992;-10,42784;2,836769
163,8421;0,2060203;-0,0525371;0,2068817;-0,5510415;-0,04391061;-0,5532355;2,806992;-10,42784;2,836769
164,0536;0,2060203;-0,0525371;0,2068809;-0,5510415;-0,04391061;-0,5532355;2,806992;-10,42784;2,836769
164,2637;0,2060203;-0,0525371;0,206882;-0,5510415;-0,04391061;-0,5532364;2,806992;-10,42784;2,836769
164,4744;0,2060203;-0,0525371;0,2068818;-0,5510415;-0,04391061;-0,5532365;2,806992;-10,42784;2,836769
164,6836;0,2060203;-0,0525371;0,2068819;-0,5510415;-0,04391061;-0,553237;2,806992;-10,42784;2,836714
164,896;0,2060203;-0,0525371;0,2068817;-0,5510415;-0,04391061;-0,5532379;2,806992;-10,42784;2,836714
165,1145;0,2060203;-0,0525371;0,2068819;-0,5510415;-0,04391061;-0,5532386;2,806992;-10,42784;2,836714
165,3269;0,2060203;-0,0525371;0,2068825;-0,5510415;-0,04391061;-0,5532393;2,806992;-10,42784;2,836714
165,5344;0,2060203;-0,0525371;0,2068833;-0,5510415;-0,04391061;-0,55324;2,806992;-10,42784;2,836714
165,7436;0,2060203;-0,0525371;0,2068828;-0,5510415;-0,04391061;-0,5532401;2,806992;-10,42784;2,836714
165,9496;0,2060203;-0,0525371;0,2068826;-0,5510415;-0,04391061;-0,5532403;2,806992;-10,42784;2,836714
166,1539;0,2060203;-0,0525371;0,2068843;-0,5510415;-0,04391061;-0,5532414;2,806992;-10,42784;2,836714
166,3642;0,2060203;-0,0525371;0,2068846;-0,5510415;-0,04391061;-0,5532417;2,806992;-10,42784;2,836714
166,5659;0,2060203;-0,0525371;0,2068837;-0,5510415;-0,04391061;-0,5532411;2,806992;-10,42784;2,83666
166,7828;0,2060203;-0,0525371;0,2068834;-0,5510415;-0,04391061;-0,5532433;2,806992;-10,42784;2,83666
166,9908;0,2060203;-0,0525371;0,2068841;-0,5510415;-0,04391061;-0,5532439;2,806992;-10,42784;2,83666
167,1994;0,2060203;-0,0525371;0,206885;-0,5510415;-0,04391061;-0,5532446;2,806992;-10,42784;2,83666
167,4084;0,2060203;-0,0525371;0,2068845;-0,5510415;-0,04391061;-0,5532445;2,806992;-10,42784;2,83666
167,6218;0,2060203;-0,0525371;0,2068843;-0,5510415;-0,04391061;-0,5532448;2,806992;-10,42784;2,83666
167,8349;0,2060203;-0,0525371;0,2068843;-0,5510415;-0,04391061;-0,5532451;2,806992;-10,42784;2,83666
168,0484;0,2060203;-0,0525371;0,2068846;-0,5510415;-0,04391061;-0,5532455;2,806992;-10,42784;2,83666
168,256;0,2060203;-0,0525371;0,2068851;-0,5510415;-0,04391061;-0,5532461;2,806992;-10,42784;2,83666
168,4694;0,2060203;-0,0525371;0,2068858;-0,5510415;-0,04391061;-0,5532466;2,806992;-10,42784;2,83666
168,6841;0,2060203;-0,0525371;0,2068851;-0,5510415;-0,04391061;-0,5532465;2,806992;-10,42784;2,836605
168,909;0,2060203;-0,0525371;0,2068852;-0,5510415;-0,04391061;-0,5532485;2,806992;-10,42784;2,836605
169,1245;0,2060203;-0,0525371;0,2068858;-0,5510415;-0,04391061;-0,5532497;2,806992;-10,42784;2,836605
169,3303;0,2060203;-0,0525371;0,206885;-0,5510415;-0,04391061;-0,5532499;2,806992;-10,42784;2,836605
169,5335;0,2060203;-0,0525371;0,2068861;-0,5510415;-0,04391061;-0,5532508;2,806992;-10,42784;2,836605
169,7454;0,2060203;-0,0525371;0,2068858;-0,5510415;-0,04391061;-0,553251;2,806992;-10,42784;2,836605
169,9512;0,2060203;-0,0525371;0,2068857;-0,5510415;-0,04391061;-0,5532513;2,806992;-10,42784;2,836605
170,1615;0,2060203;-0,0525371;0,2068858;-0,5510415;-0,04391061;-0,5532517;2,806992;-10,42784;2,836605
170,3668;0,20